{
    "profile": {
        "name": "FlowFalcon",
        "bio": "Web Developer who interested in the world of Software Development, Technology in general.",
        "image": "https://cloudkuimages.guru/uploads/images/6812f29580a91.jpg"
    },
    "links": [
        {
            "title": "Whatsapp",
            "url": "https://wa.me/message/UB3MPOSN5S7AG1",
            "icon": "fab fa-whatsapp"
        },
        {
            "title": "Website",
            "url": "https://flowfalcon.xyz",
            "icon": "fas fa-globe"
        },
        {
            "title": "TikTok",
            "url": "https://tiktok.com/@flow.falcon",
            "icon": "fab fa-tiktok"
        },
        {
            "title": "GitHub",
            "url": "https://github.com/FlowFalcon",
            "icon": "fab fa-github"
        },
        {
            "title": "Whatsapp Channel",
            "url": "https://whatsapp.com/channel/0029VasjrIh3gvWXKzWncf2P",
            "icon": "fab fa-whatsapp"
        }
    ],
    "music": {
        "title": "五等分の気持ち",
        "artist": "Nakanoke no Itsutsugo",
        "albumArt": "https://cloudkuimages.guru/uploads/images/6813180dc96ae.jpg",
        "audioFile": "https://linktree.flowfalcon.xyz/m2.mp3", 
        "duration": 267,
        "timeSync": [
            { "time": 0, "text": "フータローくん?\n(Fuutarou?)" },
            { "time": 1.38, "text": "上杉起きなさいよ?\n(Bangun dong Uesugi!)" },
            { "time": 2.87, "text": "フータロ\n(Fuutaro)" },
            { "time": 3.28, "text": "上杉さん\n(Uesugi-san)" },
            { "time": 3.91, "text": "上杉君起きて?\n(Uesugi-kun, bangun ya?)" },
            { "time": 6.22, "text": "喜びも (喜びも)\n(Kebahagiaan juga, kebahagiaan juga)" },
            { "time": 9.12, "text": "悲しみも (悲しみも)\n(Kesedihan juga, kesedihan juga)" },
            { "time": 11.72, "text": "あなたさえ\n(Bahkan kamu)" },
            { "time": 14.46, "text": "五等分なんです\n(Kubagi jadi lima bagian)" },
            { "time": 28.36, "text": "ひとつ 作り笑いも見抜かれ\n(Satu, bahkan senyum palsuku kau lihat)" },
            { "time": 31.18, "text": "ふたつ あんたなんか大嫌いよ\n(Dua, aku sangat benci padamu)" },
            { "time": 34.09, "text": "みっつまっすぐなこの気持ち\n(Tiga, perasaan tulusku ini)" },
            { "time": 37.62, "text": "気づいて\n(Kumohon sadarlah)" },
            { "time": 39.25, "text": "よおつ 気がつくとだんだん\n(Empat, tanpa sadar sedikit demi sedikit)" },
            { "time": 41.92, "text": "いつつ わかりあえたね\n(Lima, kita mulai saling memahami)" },
            { "time": 45.67, "text": "勉強だけじゃなくて\n(Bukan hanya belajar)" },
            { "time": 48.6, "text": "君を知りたいよ\n(Aku ingin lebih mengenalmu)" },
            { "time": 52.86, "text": "大嫌いから (大嫌いから)\n(Dari sangat benci, dari sangat benci)" },
            { "time": 55.67, "text": "大好きへと (大好きへと)\n(Menjadi sangat suka, menjadi sangat suka)" },
            { "time": 58.83, "text": "変わる心に ついていけないよ\n(Aku tak bisa mengikuti hatiku yang berubah)" },
            { "time": 63.75, "text": "どんなことも (どんなことも)\n(Apapun itu, apapun itu)" },
            { "time": 66.76, "text": "あなたさえ (あなたさえ)\n(Bahkan kamu, bahkan kamu)" },
            { "time": 69.85, "text": "五等分です\n(Kubagi jadi lima bagian)" },
            { "time": 71.76, "text": "でも私 私 私 私 私は\n(Tapi aku, aku, aku, aku, aku)" },
            { "time": 75.09, "text": "あなたが好きよ\n(Menyukaimu)" },
            { "time": 87.47, "text": "少し複雑に心の中\n(Hatiku sedikit rumit)" },
            { "time": 90.2, "text": "でも変わってゆく気持ち\n(Tapi perasaanku terus berubah)" },
            { "time": 92.93, "text": "ずっとこんな関係続いたら\n(Jika hubungan seperti ini terus berlanjut)" },
            { "time": 96.62, "text": "いいのにな\n(Rasanya akan menyenangkan)" },
            { "time": 98.27, "text": "忘れられない想い出も\n(Kenangan yang tak terlupakan)" },
            { "time": 101.08, "text": "これから増えるストーリーも\n(Dan cerita yang akan bertambah nanti)" },
            { "time": 104.62, "text": "あなたなしだったら\n(Jika tanpa dirimu)" },
            { "time": 107.7, "text": "意味がないだめよ\n(Tak ada artinya, itu tak boleh)" },
            { "time": 111.77, "text": "ずっとそばで (ずっとそばで)\n(Selalu di sampingku, selalu di sampingku)" },
            { "time": 114.76, "text": "教えてね (教えてね)\n(Beri tahu aku ya, beri tahu aku ya)" },
            { "time": 117.86, "text": "だけど勝手に 胸の鼓動 高鳴る\n(Tapi jantungku, berdebar kencang sendiri)" },
            { "time": 122.74, "text": "運命だって (運命だって)\n(Katanya takdir, katanya takdir)" },
            { "time": 125.63, "text": "信じられる (信じられる)\n(Aku percaya, aku percaya)" },
            { "time": 128.88, "text": "おんなじ気持ちね\n(Kita punya perasaan yang sama ya)" },
            { "time": 130.71, "text": "またいつか いつか\n(Lagi, suatu hari, suatu hari)" },
            { "time": 132.1, "text": "いつか いつか この日を\n(Suatu hari, suatu hari, hari ini)" },
            { "time": 134.07, "text": "夢に見るかな\n(Akankah terlihat dalam mimpi)" },
            { "time": 146.1, "text": "少しづつ変わる想い\n(Perasaan yang berubah sedikit demi sedikit)" },
            { "time": 149.0, "text": "焦りや苛立ち和らいでく\n(Kecemasan dan kekesalan mereda)" },
            { "time": 152.35, "text": "信じきれる自信\n(Keyakinan yang bisa dipercaya)" },
            { "time": 156.61, "text": "胸の奥に隠れてる言葉\n(Kata-kata yang tersembunyi di dalam hati)" },
            { "time": 159.77, "text": "甘えベタだけどいいんですかって\n(Aku payah dalam bermanja, tapi apa itu baik-baik saja?)" },
            { "time": 163.27, "text": "私ついて行くわ\n(Aku akan mengikutimu)" },
            { "time": 168.08, "text": "いつまでも 忘れない\n(Selamanya, tak akan kulupakan)" },
            { "time": 173.88, "text": "出会えた奇跡\n(Keajaiban pertemuan kita)" },
            { "time": 175.98, "text": "偶然じゃない そおでしょ?\n(Bukan kebetulan, kan?)" },
            { "time": 178.98, "text": "大嫌いから (大嫌いから)\n(Dari sangat benci, dari sangat benci)" },
            { "time": 181.83, "text": "大好きへと (大好きへと)\n(Menjadi sangat suka, menjadi sangat suka)" },
            { "time": 184.98, "text": "変わる心に ついていきたいよ\n(Aku ingin mengikuti hatiku yang berubah)" },
            { "time": 189.93, "text": "どんなことも (どんなことも)\n(Apapun itu, apapun itu)" },
            { "time": 192.93, "text": "あなたさえ (あなたさえ)\n(Bahkan kamu, bahkan kamu)" },
            { "time": 195.9, "text": "五等分です\n(Kubagi jadi lima bagian)" },
            { "time": 197.91, "text": "でも私 私 私 私 私は\n(Tapi aku, aku, aku, aku, aku)" },
            { "time": 201.21, "text": "ずうと ずうと\n(Selamanya, selamanya)" },
            { "time": 202.0, "text": "ずうと ずうと あなたに\n(Selamanya, selamanya, kepadamu)" },
            { "time": 204.04, "text": "愛を誓います\n(Aku bersumpah cinta)" },
            { "time": 206.86, "text": "We are the brides we are the brides\n(Kami adalah pengantin, kami adalah pengantin)" },
            { "time": 213.69, "text": "We are the brides we are the brides\n(Kami adalah pengantin, kami adalah pengantin)" },
            { "time": 216.41, "text": "Please\n(Kumohon)" }
        ]
    }
}